Diver,Date,Board,Place,Competitors Count,Final Score,Z-Score,Mean,Standard Deviation
Conrad Eck,02-03-2024,Men Platform (6 Dives),6,8,299.25,-0.36,317.24,49.82
Conrad Eck,02-02-2024,Men 1m Championship (6 Dives),8,9,238.25,-1.01,282.18,43.33
Conrad Eck,02-02-2024,Men 3m Championship (6 Dives),7,10,258.6,-0.61,288.01,48.32
Conrad Eck,01-20-2024,Men 1m Championship (6 Dives),6,7,273.98,-0.35,285.98,34.38
Conrad Eck,01-20-2024,Men 3m Championship (6 Dives),3,7,312.68,-0.02,313.24,35.22
Conrad Eck,01-19-2024,Men 1m Championship (6 Dives),6,6,214.65,-1.81,287.06,39.95
Conrad Eck,01-19-2024,Men 3m Championship (6 Dives),5,6,304.95,-0.7,318.98,20.16
Conrad Eck,11-30-2023,Men 1m Championship (6 Dives),4,9,300.15,0.04,298.09,52.75
Conrad Eck,11-30-2023,Men 1m Championship (6 Dives),7,9,285.5,-0.52,306.67,40.97
Conrad Eck,11-30-2023,Men 3m Championship (6 Dives),7,8,272.0,-0.72,303.23,43.67
Conrad Eck,11-30-2023,Men 3m Championship (6 Dives),4,8,311.95,-0.28,323.52,40.61
Conrad Eck,11-30-2023,Men Platform (6 Dives),3,4,307.9,-0.44,332.77,56.85
Conrad Eck,11-16-2023,Men 1m Championship (6 Dives),17,20,267.7,-0.66,298.36,46.4
Conrad Eck,11-16-2023,Men 3m Championship (6 Dives),21,22,240.15,-1.56,316.14,48.63
Conrad Eck,11-16-2023,Men Platform (6 Dives),11,20,290.45,-0.06,293.48,51.89
Conrad Eck,08-04-2022,Synchronized Men 3m,9,9,210.36,-2.12,287.76,36.5
Conrad Eck,07-25-2022,16-18 Boys 1m J.O,35,42,393.25,-0.8,426.59,41.59
Conrad Eck,07-25-2022,16-18 Boys 3m J.O,20,42,453.05,-0.01,453.44,39.59
Conrad Eck,07-25-2022,16-18 Boys Platform J.O,8,23,419.45,0.49,397.0,46.22
Conrad Eck,06-16-2022,16-18 Boys 1m J.O,4,30,491.25,1.23,405.21,69.68
Conrad Eck,06-16-2022,16-18 Boys 3m J.O,8,32,483.3,0.79,430.57,67.01
Conrad Eck,06-16-2022,16-18 Boys Platform J.O,5,23,440.95,0.84,372.55,81.5
Conrad Eck,04-29-2022,16-18 Boys 1m J.O,2,17,474.05,1.55,353.24,78.08
Conrad Eck,04-29-2022,16-18 Boys 3m J.O,2,14,486.25,1.5,385.18,67.57
Conrad Eck,07-28-2021,16-18 Boys 1m J.O,28,42,402.4,-0.43,414.27,27.91
Conrad Eck,07-28-2021,16-18 Boys 3m J.O,28,41,431.15,-0.36,448.29,47.0
Conrad Eck,07-28-2021,16-18 Boys Platform J.O,22,24,328.35,-1.01,393.92,65.01
Conrad Eck,07-15-2021,16-18 Boys 3m J.O,4,8,491.55,0.2,469.61,111.24
Conrad Eck,06-30-2021,16-18 Boys 1m J.O,6,31,447.7,0.89,382.61,73.2
Conrad Eck,06-30-2021,16-18 Boys 3m J.O,10,27,433.55,0.16,420.94,80.8
Conrad Eck,06-30-2021,16-18 Boys Platform J.O,8,15,401.4,0.19,382.17,102.34
Conrad Eck,06-26-2021,16-18 Boys 3m J.O,3,7,486.08,0.29,458.5,95.19
Conrad Eck,05-29-2021,16-18 Boys 3m J.O,4,8,470.93,0.06,465.03,102.18
Conrad Eck,05-07-2021,16-18 Boys 1m J.O,5,27,431.5,0.8,367.23,80.47
Conrad Eck,05-07-2021,16-18 Boys 3m J.O,5,23,497.3,0.92,400.62,105.38
Conrad Eck,05-01-2021,16-18 Boys 3m J.O,3,10,519.68,0.9,437.27,91.43
Conrad Eck,04-08-2021,16-18 Boys 3m J.O,4,11,495.4,0.47,442.52,112.23
Conrad Eck,03-25-2021,16-18 Boys 3m J.O,3,9,471.05,0.42,425.43,109.56
Conrad Eck,03-12-2020,Group A Boys 1m (16-18),27,27,277.85,-2.0,382.34,52.17
Conrad Eck,07-30-2019,14-15 Boys 1m  J.O,35,41,259.55,-0.94,285.38,27.48
Conrad Eck,07-30-2019,14-15 Boys 3m J.O,29,42,287.85,-0.51,308.77,40.98
Conrad Eck,06-14-2019,14-15 Boys 1m  J.O,7,18,284.05,0.34,262.56,62.71
Conrad Eck,06-14-2019,14-15 Boys 3m J.O,9,17,279.55,0.06,275.54,65.28
Conrad Eck,06-14-2019,14-15 Boys Platform J.O,8,9,229.05,-1.05,278.47,47.01
Conrad Eck,05-04-2019,14-15 Boys 1m  J.O,2,16,286.9,0.98,238.88,48.84
Conrad Eck,05-04-2019,14-15 Boys 3m J.O,3,12,306.8,0.72,270.9,50.07
Conrad Eck,04-05-2019,14-15 Boys 1m  J.O,22,38,254.2,-0.11,259.62,51.06
Conrad Eck,04-05-2019,14-15 Boys 3m J.O,25,37,243.65,-0.48,273.33,61.46
Conrad Eck,04-05-2019,14-15 Boys Platform J.O,12,15,211.65,-0.99,260.38,49.44
Conrad Eck,06-28-2018,14-15 Boys 1m  J.O,16,21,221.5,-0.79,278.4,72.1
Conrad Eck,06-28-2018,14-15 Boys 3m J.O,14,19,238.7,-0.92,303.84,71.01
Conrad Eck,05-04-2018,14-15 Boys 1m  J.O,6,10,231.7,-0.44,273.89,95.04
Conrad Eck,05-04-2018,14-15 Boys 3m J.O,4,9,230.15,-0.52,286.61,108.55
Conrad Eck,07-05-2017,12-13 Boys 1m J.O,7,14,188.5,-0.36,207.49,52.17
Conrad Eck,07-05-2017,12-13 Boys 3m J.O,8,13,186.55,-0.61,222.22,58.65
Conrad Eck,04-29-2017,12-13 Boys 1m J.O,4,9,189.4,0.13,183.54,44.23
Conrad Eck,04-29-2017,12-13 Boys 3m J.O,3,8,197.4,-0.04,198.77,34.76
Joshua Thai,02-03-2024,Men Platform (6 Dives),3,8,345.4,0.57,317.24,49.82
Joshua Thai,02-02-2024,Men 1m Championship (6 Dives),6,9,276.05,-0.14,282.18,43.33
Joshua Thai,02-02-2024,Men 3m Championship (6 Dives),1,10,374.1,1.78,288.01,48.32
Joshua Thai,01-20-2024,Men 1m Championship (6 Dives),1,7,337.65,1.5,285.98,34.38
Joshua Thai,01-20-2024,Men 3m Championship (6 Dives),1,7,365.4,1.48,313.24,35.22
Joshua Thai,01-19-2024,Men 1m Championship (6 Dives),1,6,325.05,0.95,287.06,39.95
Joshua Thai,01-19-2024,Men 3m Championship (6 Dives),3,6,317.33,-0.08,318.98,20.16
Joshua Thai,11-29-2023,Senior Men 3m,17,43,293.4,0.2,281.78,57.94
Joshua Thai,11-29-2023,Senior Men 3m,21,21,300.95,-1.4,347.82,33.53
Joshua Thai,11-29-2023,Senior Men Platform,18,20,252.45,-0.96,304.09,53.8
Joshua Thai,11-29-2023,Senior Men Platform,17,19,267.85,-0.99,334.47,67.44
Joshua Thai,11-16-2023,Men 1m Championship (6 Dives),7,20,317.95,0.42,298.36,46.4
Joshua Thai,11-16-2023,Men 1m Championship (6 Dives),9,12,301.15,-0.55,320.77,35.77
Joshua Thai,11-16-2023,Men 3m Championship (6 Dives),11,22,330.1,0.29,316.14,48.63
Joshua Thai,11-16-2023,Men 3m Championship (6 Dives),7,12,371.2,0.19,364.26,35.92
Joshua Thai,11-16-2023,Men Platform (6 Dives),3,20,357.2,1.23,293.48,51.89
Joshua Thai,10-14-2023,Men 1m Championship (6 Dives),4,8,329.85,0.51,307.86,42.88
Joshua Thai,10-14-2023,Men 3m Championship (6 Dives),2,8,350.78,1.27,311.97,30.64
Joshua Thai,03-23-2023,Men 3m Championship (6 Dives),32,52,329.05,-0.39,345.02,40.63
Joshua Thai,03-23-2023,Men Platform (6 Dives),14,47,347.85,0.48,320.86,56.61
Joshua Thai,03-23-2023,Men Platform (6 Dives) CONSOL.,6,8,337.55,-0.57,359.39,38.28
Joshua Thai,03-06-2023,Men 3m Championship (6 Dives),5,29,342.25,0.9,293.53,54.43
Joshua Thai,03-06-2023,Men 3m Championship (6 Dives),4,18,694.3,0.74,641.88,71.11
Joshua Thai,03-06-2023,Men Platform (6 Dives),12,23,295.3,0.14,289.91,37.24
Joshua Thai,03-06-2023,Men Platform (6 Dives),8,18,608.9,0.18,600.28,48.6
Joshua Thai,02-22-2023,Men 1m Championship (6 Dives),7,20,284.95,0.28,273.88,39.17
Joshua Thai,02-22-2023,Men 1m Championship (6 Dives),7,8,315.3,-0.49,326.38,22.42
Joshua Thai,02-22-2023,Men 3m Championship (6 Dives),7,20,354.65,0.86,299.18,64.43
Joshua Thai,02-22-2023,Men 3m Championship (6 Dives),8,8,338.7,-1.54,393.19,35.39
Joshua Thai,02-22-2023,Men Platform (6 Dives),2,17,354.15,1.39,274.04,57.66
Joshua Thai,02-22-2023,Men Platform (6 Dives),4,8,348.55,0.47,324.39,51.94
Joshua Thai,02-18-2023,Men 1m Championship (6 Dives),4,5,290.48,-0.36,309.93,54.29
Joshua Thai,02-18-2023,Men 3m Championship (6 Dives),2,4,345.9,0.24,335.59,42.24
Joshua Thai,02-03-2023,Men 1m Championship (6 Dives),4,5,264.45,-0.82,299.34,42.73
Joshua Thai,02-03-2023,Men 3m Championship (6 Dives),4,5,316.43,-0.45,337.95,48.08
Joshua Thai,01-21-2023,Men 1m Championship (6 Dives),1,5,310.8,1.19,264.44,38.91
Joshua Thai,01-21-2023,Men 3m Championship (6 Dives),1,5,346.28,1.58,296.7,31.35
Joshua Thai,01-20-2023,Men 1m Championship (6 Dives),1,3,304.13,0.59,283.4,34.93
Joshua Thai,01-20-2023,Men 3m Championship (6 Dives),2,2,319.35,-0.71,337.35,25.46
Joshua Thai,11-30-2022,Men 1m Championship (6 Dives),8,12,261.45,-0.29,269.93,29.0
Joshua Thai,11-30-2022,Men 1m Championship (6 Dives),1,12,346.45,1.56,284.6,39.71
Joshua Thai,11-30-2022,Men 3m Championship (6 Dives),2,11,322.05,1.16,287.78,29.56
Joshua Thai,11-30-2022,Men 3m Championship (6 Dives),4,11,333.0,0.58,308.35,42.14
Joshua Thai,11-30-2022,Men Platform (6 Dives),2,7,324.95,1.01,279.47,44.91
Joshua Thai,11-11-2022,Men 1m Championship (6 Dives),4,12,283.8,0.29,271.65,42.11
Joshua Thai,11-11-2022,Men 1m Championship (6 Dives),4,12,588.8,0.34,555.95,96.0
Joshua Thai,11-11-2022,Men 3m Championship (6 Dives),4,16,374.85,1.1,297.3,70.27
Joshua Thai,11-11-2022,Men 3m Championship (6 Dives),3,16,748.05,1.18,568.88,151.53
Joshua Thai,11-11-2022,Men Platform (6 Dives),3,9,316.7,0.46,284.51,70.45
Joshua Thai,11-11-2022,Men Platform (6 Dives),3,9,643.65,0.48,577.88,138.41
Joshua Thai,10-12-2022,Men 1m Championship (6 Dives),1,5,294.45,0.97,250.41,45.48
Joshua Thai,10-12-2022,Men 3m Championship (6 Dives),4,5,273.05,-0.5,286.19,26.18
Joshua Thai,07-25-2022,16-18 Boys 1m J.O,24,31,444.25,-0.79,474.01,37.54
Joshua Thai,07-25-2022,16-18 Boys 3m J.O,7,32,540.05,0.89,507.6,36.36
Joshua Thai,07-25-2022,16-18 Boys 3m J.O,8,12,548.0,-0.24,560.33,50.53
Joshua Thai,07-25-2022,16-18 Boys Platform J.O,3,28,495.25,1.22,439.53,45.53
Joshua Thai,07-25-2022,16-18 Boys Platform J.O,7,12,488.45,-0.09,491.86,36.97
Joshua Thai,06-16-2022,16-18 Boys 1m J.O,1,30,547.8,2.05,405.21,69.68
Joshua Thai,06-16-2022,16-18 Boys 3m J.O,1,32,589.4,2.37,430.57,67.01
Joshua Thai,06-16-2022,16-18 Boys Platform J.O,1,23,514.4,1.74,372.55,81.5
Joshua Thai,05-12-2022,High School Boys 1m (11 dives),1,25,327.65,2.62,213.55,43.6
Joshua Thai,05-12-2022,High School Boys 1m (11 dives),1,20,495.55,2.19,344.26,69.06
Joshua Thai,05-12-2022,High School Boys 1m (11 dives),1,16,654.15,1.61,503.49,93.62
Joshua Thai,05-04-2022,Men 1m Championship (6 Dives),5,13,317.4,0.62,294.89,36.6
Joshua Thai,04-29-2022,CIF Boys  (11 dives) Division 4,1,5,660.35,1.26,497.11,129.47
Joshua Thai,04-22-2022,16-18 Boys 1m J.O,3,28,512.2,1.75,381.34,74.61
Joshua Thai,04-22-2022,16-18 Boys 3m J.O,1,24,610.9,2.41,417.68,80.32
Joshua Thai,04-22-2022,16-18 Boys Platform J.O,1,6,546.15,1.66,405.9,84.59
Joshua Thai,07-28-2021,16-18 Boys 1m J.O,2,42,462.1,1.71,414.27,27.91
Joshua Thai,07-28-2021,16-18 Boys 1m J.O,12,33,471.0,0.26,460.91,38.51
Joshua Thai,07-28-2021,16-18 Boys 1m J.O,7,12,484.75,-0.24,493.17,34.78
Joshua Thai,07-28-2021,16-18 Boys 3m J.O,23,35,486.85,-0.1,495.11,83.05
Joshua Thai,07-28-2021,16-18 Boys Platform J.O,10,28,431.5,0.15,422.61,57.67
Joshua Thai,07-28-2021,16-18 Boys Platform J.O,7,12,475.55,-0.43,502.8,63.93
Joshua Thai,07-02-2021,16-18 Boys 1m J.O,9,24,451.7,0.67,410.82,61.01
Joshua Thai,07-02-2021,16-18 Boys 3m J.O,2,21,515.5,1.44,411.28,72.57
Joshua Thai,07-02-2021,16-18 Boys Platform J.O,1,10,483.0,1.49,337.3,97.71
Joshua Thai,05-20-2021,CIF Boys  (11 dives) Division 4,1,4,646.75,1.24,492.21,124.82
Joshua Thai,05-17-2021,CIF Boys  (11 dives),1,8,567.25,1.39,359.12,149.36
Joshua Thai,05-14-2021,16-18 Boys 1m J.O,1,18,518.5,2.52,367.44,59.99
Joshua Thai,05-14-2021,16-18 Boys 3m J.O,1,17,566.9,2.43,395.22,70.78
Joshua Thai,05-01-2021,CIF Boys  (11 dives),1,4,606.5,0.87,436.77,196.09
Joshua Thai,06-21-2019,14-15 Boys 1m  J.O,1,22,413.55,1.92,296.76,60.88
Joshua Thai,06-21-2019,14-15 Boys 3m J.O,3,17,398.8,0.97,338.78,62.07
Joshua Thai,06-21-2019,14-15 Boys Platform J.O,1,12,399.7,1.6,292.03,67.19
Joshua Thai,05-10-2019,High School Boys 1m (11 dives),2,28,252.95,1.53,191.49,40.1
Joshua Thai,05-10-2019,High School Boys 1m (11 dives),2,20,384.6,1.31,322.29,47.39
Joshua Thai,05-10-2019,High School Boys 1m (11 dives),2,16,543.55,1.09,473.36,64.28
Joshua Thai,05-04-2019,Men 1m Championship (6 Dives),2,12,305.55,1.14,266.7,34.01
Joshua Thai,04-29-2019,CIF Boys  (11 dives) Division 3,1,12,590.4,1.93,357.87,120.42
Joshua Thai,04-26-2019,14-15 Boys 1m  J.O,1,16,388.0,1.56,277.9,70.41
Joshua Thai,04-26-2019,14-15 Boys 3m J.O,1,12,458.1,1.64,342.73,70.51
Joshua Thai,04-26-2019,14-15 Boys Platform J.O,1,6,396.35,1.66,306.34,54.34
Joshua Thai,04-06-2019,High School Boys 1m (11 dives),2,5,528.65,0.56,496.47,57.51
Joshua Thai,03-15-2019,14-15 Boys 1m  J.O,1,11,399.7,2.1,295.33,49.76
Joshua Thai,03-15-2019,14-15 Boys Platform J.O,1,8,403.5,1.62,296.79,65.7
Joshua Thai,02-23-2019,14-15 Boys 3m J.O,1,7,399.05,1.06,330.77,64.18
Joshua Thai,11-30-2018,14-15 Boys 1m  J.O,1,8,401.85,2.1,288.82,53.93
Joshua Thai,07-29-2018,14-15 Boys 1m  J.O,17,30,331.7,-0.16,336.82,31.52
Joshua Thai,07-29-2018,14-15 Boys 3m J.O,5,30,423.0,1.07,371.73,48.1
Joshua Thai,07-29-2018,14-15 Boys 3m J.O,6,12,411.1,-0.1,413.47,24.55
Joshua Thai,07-29-2018,14-15 Boys Platform J.O,10,28,328.5,0.28,314.64,49.86
Joshua Thai,07-29-2018,14-15 Boys Platform J.O,4,12,395.6,0.61,374.18,34.83
Joshua Thai,06-29-2018,14-15 Boys 1m  J.O,1,15,375.8,1.41,309.33,47.13
Joshua Thai,06-29-2018,14-15 Boys 3m J.O,1,16,426.05,1.84,330.77,51.9
Joshua Thai,06-29-2018,14-15 Boys Platform J.O,1,12,413.4,2.76,277.52,49.26
Joshua Thai,05-25-2018,14-15 Boys 3m J.O,1,10,398.2,1.45,317.05,55.91
Joshua Thai,05-25-2018,14-15 Boys Platform J.O,1,4,391.65,1.09,323.01,62.73
Joshua Thai,05-05-2018,14-15 Boys 1m  J.O,1,16,387.25,1.96,284.48,52.39
Joshua Thai,05-05-2018,14-15 Boys 3m J.O,1,15,400.1,2.02,307.44,45.82
Joshua Thai,04-18-2018,Group B Boys 1m (14-15),9,26,327.8,0.18,318.16,52.63
Joshua Thai,04-18-2018,Group B Boys 1m (14-15),10,12,490.85,-0.99,546.1,55.87
Joshua Thai,04-18-2018,Group B Boys 3m (14-15),10,27,354.8,0.27,343.4,42.81
Joshua Thai,04-18-2018,Group B Boys 3m (14-15),10,12,536.85,-1.06,590.73,50.88
Joshua Thai,04-18-2018,Group B Boys Platform (14-15),13,24,299.55,-0.25,310.1,42.17
Joshua Thai,04-13-2018,16-18 Boys 3m J.O,2,6,478.05,0.49,450.77,55.84
Joshua Thai,03-24-2018,14-15 Boys 3m J.O,1,2,423.15,0.71,371.73,72.73
Joshua Thai,07-29-2017,12-13 Boys 1m J.O,4,26,297.5,0.94,272.26,26.83
Joshua Thai,07-29-2017,12-13 Boys 3m J.O,3,25,348.0,1.31,304.9,32.89
Joshua Thai,07-29-2017,12-13 Boys Platform J.O,7,25,300.05,0.96,265.89,35.74
Joshua Thai,06-29-2017,12-13 Boys 1m J.O,1,19,302.45,1.86,227.41,40.42
Joshua Thai,06-29-2017,12-13 Boys 3m J.O,1,16,372.3,1.74,267.71,59.94
Joshua Thai,06-29-2017,12-13 Boys Platform J.O,1,10,290.25,1.22,231.35,48.13
Joshua Thai,04-28-2017,12-13 Boys 1m J.O,2,15,300.25,1.65,235.56,39.13
Joshua Thai,04-28-2017,12-13 Boys 3m J.O,1,14,354.65,1.68,259.86,56.36
Joshua Thai,03-31-2017,12-13 Boys 1m J.O,1,6,335.25,1.7,251.09,49.48
Joshua Thai,03-31-2017,12-13 Boys 3m J.O,1,6,369.2,1.48,256.83,75.99
Joshua Thai,03-31-2017,12-13 Boys Platform J.O,1,3,289.3,0.95,249.32,42.29
Joshua Thai,03-04-2017,12-13 Boys 3m J.O,1,3,342.0,1.15,255.37,75.11
Joshua Thai,02-24-2017,12-13 Boys 1m J.O,1,7,297.9,1.53,207.86,58.86
Joshua Thai,12-11-2016,12-13 Boys 1m J.O,1,4,315.38,1.3,247.63,52.13
Joshua Thai,12-11-2016,12-13 Boys Platform J.O,1,3,257.25,1.01,229.05,27.87
Joshua Thai,12-03-2016,12-13 Boys 3m J.O,1,8,323.15,1.81,265.89,31.62
Joshua Thai,11-05-2016,Group C Boys 1m (12-13),1,4,306.05,1.33,249.46,42.5
Joshua Thai,08-01-2016,12-13 Boys 1m J.O,14,34,278.55,0.27,270.07,31.74
Joshua Thai,08-01-2016,12-13 Boys 3m J.O,10,37,308.85,0.38,295.71,34.69
Joshua Thai,08-01-2016,12-13 Boys 3m J.O,10,12,307.8,-1.13,340.1,28.67
Joshua Thai,08-01-2016,12-13 Boys Platform J.O,10,34,280.6,0.69,251.39,42.11
Joshua Thai,08-01-2016,12-13 Boys Platform J.O,12,12,272.35,-1.3,295.77,17.99
Joshua Thai,07-07-2016,12-13 Boys 1m J.O,2,24,291.2,1.43,239.25,36.22
Joshua Thai,07-07-2016,12-13 Boys 3m J.O,3,23,310.05,1.28,258.98,39.75
Joshua Thai,07-07-2016,12-13 Boys Platform J.O,1,16,294.7,1.9,220.16,39.23
Joshua Thai,06-25-2016,12-13 Boys 1m J.O,1,5,312.5,1.45,271.86,28.01
Joshua Thai,06-25-2016,12-13 Boys Platform J.O,1,4,289.35,1.27,256.01,26.35
Joshua Thai,04-29-2016,12-13 Boys 1m J.O,4,19,266.95,1.17,224.93,35.85
Joshua Thai,04-29-2016,12-13 Boys 3m J.O,1,15,327.95,1.87,249.85,41.83
Joshua Thai,04-01-2016,12-13 Boys 1m J.O,4,13,257.9,0.86,233.88,28.0
Joshua Thai,02-20-2016,12-13 Boys 1m J.O,1,8,271.7,1.6,207.96,39.78
Joshua Thai,02-20-2016,12-13 Boys 3m J.O,1,6,307.55,1.74,252.76,31.52
Joshua Thai,02-13-2016,12-13 Boys Platform J.O,2,3,233.0,-0.4,236.85,9.62
Joshua Thai,12-13-2015,12-13 Boys 1m J.O,1,3,298.45,1.05,266.65,30.16
Joshua Thai,11-07-2015,Group D Boys 3m (11 & Under),1,2,185.1,0.71,157.07,39.63
Joshua Thai,08-01-2015,11 & Under Boys 1m J.O,5,31,214.9,1.14,184.97,26.2
Joshua Thai,08-01-2015,11 & Under Boys 1m J.O,4,12,224.2,0.47,213.36,22.86
Joshua Thai,08-01-2015,11 & Under Boys 3m J.O,4,36,205.4,1.38,168.93,26.43
Joshua Thai,08-01-2015,11 & Under Boys 3m J.O,9,31,214.95,0.69,194.5,29.53
Joshua Thai,08-01-2015,11 & Under Boys 3m J.O,5,12,236.25,0.31,230.49,18.58
Joshua Thai,08-01-2015,11 & Under Boys Platform J.O,1,15,189.35,1.52,146.97,27.85
Joshua Thai,08-01-2015,11 & Under Boys Platform J.O,5,31,191.2,1.32,150.25,31.04
Joshua Thai,08-01-2015,11 & Under Boys Platform J.O,3,12,197.65,1.03,180.48,16.69
Joshua Thai,06-11-2015,11 & Under Boys 1m J.O,3,24,200.25,1.35,160.76,29.31
Joshua Thai,06-11-2015,11 & Under Boys 3m J.O,4,19,207.1,1.17,175.16,27.31
Joshua Thai,06-11-2015,11 & Under Boys Platform J.O,7,11,141.95,-0.45,152.49,23.48
Joshua Thai,05-02-2015,11 & Under Boys 1m J.O,1,13,208.55,1.91,155.68,27.74
Joshua Thai,05-02-2015,11 & Under Boys 3m J.O,1,11,238.4,1.5,180.76,38.52
Joshua Thai,04-19-2015,11 & Under Boys 1m J.O,1,2,166.55,0.71,144.95,30.55
Joshua Thai,03-27-2015,11 & Under Boys 3m J.O,1,7,239.55,1.37,180.82,42.72
Joshua Thai,03-27-2015,11 & Under Boys Platform J.O,1,5,188.7,1.21,155.06,27.72
Joshua Thai,03-13-2015,13 & Under Boys 1m JO,1,3,241.95,1.12,215.47,23.56
Joshua Thai,03-13-2015,13 & Under Boys 1m JO,1,3,240.15,0.96,218.5,22.6
Joshua Thai,03-07-2015,Group D Boys 1m (10-11),1,3,180.15,1.13,142.37,33.31
Joshua Thai,01-24-2015,11 & Under Boys 3m J.O,1,6,218.8,1.51,168.74,33.16
Joshua Thai,11-08-2014,Group D Boys 3m (11 & Under),1,6,182.95,1.53,140.47,27.78
Joshua Thai,08-04-2014,11 & Under Boys 1m J.O,15,34,195.6,0.25,190.4,21.19
Joshua Thai,08-04-2014,11 & Under Boys 3m J.O,20,33,191.7,-0.26,199.3,28.78
Joshua Thai,08-04-2014,11 & Under Boys Platform J.O,7,27,177.9,0.66,157.87,30.37
Joshua Thai,08-04-2014,11 & Under Boys Platform J.O,10,12,165.6,-0.85,183.73,21.27
Joshua Thai,07-10-2014,11 & Under Boys 1m J.O,6,21,169.6,0.73,149.94,26.96
Joshua Thai,07-10-2014,11 & Under Boys 3m J.O,3,20,197.85,1.49,155.46,28.44
Joshua Thai,07-10-2014,11 & Under Boys Platform J.O,2,8,159.0,1.35,134.95,17.88
Joshua Thai,06-13-2014,11 & Under Boys 1m J.O,2,11,203.0,1.38,148.56,39.37
Joshua Thai,06-13-2014,11 & Under Boys 3m J.O,2,9,221.7,1.3,166.66,42.33
Joshua Thai,06-13-2014,11 & Under Boys Platform J.O,1,3,193.9,0.92,153.45,43.97
Joshua Thai,04-25-2014,11 & Under Boys 1m J.O,3,26,197.65,1.23,165.38,26.27
Joshua Thai,04-25-2014,11 & Under Boys 3m J.O,3,24,219.15,1.45,174.44,30.87
Joshua Thai,03-07-2014,11 & Under Boys 1m J.O,1,12,184.25,1.87,143.12,21.95
Joshua Thai,03-07-2014,11 & Under Boys 3m J.O,2,11,190.1,1.55,142.88,30.48
Joshua Thai,02-15-2014,11 & Under Boys 3m J.O,1,8,206.4,1.63,153.18,32.56
Joshua Thai,02-15-2014,11 & Under Boys Platform J.O,1,4,194.4,1.32,155.55,29.36
Joshua Thai,12-13-2013,11 & Under Boys 3m J.O,1,7,208.45,1.51,173.96,22.87
Joshua Thai,08-04-2013,11 & Under Boys 3m J.O,11,33,187.55,0.26,180.54,27.09
Joshua Thai,08-04-2013,11 & Under Boys 3m J.O,9,12,187.25,-0.73,213.12,35.59
Joshua Thai,08-04-2013,11 & Under Boys Platform J.O,16,24,144.7,-0.21,150.51,27.03
Joshua Thai,07-11-2013,11 & Under Boys 1m J.O,11,21,136.7,-0.21,141.13,21.6
Joshua Thai,07-11-2013,11 & Under Boys 3m J.O,4,18,188.5,0.84,163.25,30.22
Joshua Thai,07-11-2013,11 & Under Boys Platform J.O,1,12,180.05,1.63,135.88,27.04
Joshua Thai,06-14-2013,11 & Under Boys 1m J.O,1,9,202.3,1.78,141.89,33.87
Joshua Thai,06-14-2013,11 & Under Boys 3m J.O,2,8,180.95,0.73,157.36,32.12
Joshua Thai,05-24-2013,11 & Under Boys 3m J.O,4,9,170.75,0.58,155.39,26.6
Joshua Thai,04-12-2013,11 & Under Boys 1m J.O,4,25,166.15,0.95,138.66,29.07
Joshua Thai,04-12-2013,11 & Under Boys 3m J.O,4,24,189.15,1.19,150.02,33.02
Joshua Thai,03-16-2013,11 & Under Boys 1m J.O,2,16,179.35,1.85,124.67,29.48
Joshua Thai,03-16-2013,11 & Under Boys 3m J.O,3,9,188.05,0.86,159.34,33.44
Joshua Thai,03-02-2013,11 & Under Boys 1m J.O,5,13,157.5,0.69,141.53,23.07
Joshua Thai,03-02-2013,11 & Under Boys 3m J.O,4,10,165.5,0.48,147.11,38.27
Joshua Thai,03-02-2013,11 & Under Boys Platform J.O,3,6,146.85,0.4,136.33,26.2
Joshua Thai,02-02-2013,11 & Under Boys Platform J.O,2,2,183.6,-0.71,184.97,1.94
Joshua Thai,11-30-2012,11 & Under Boys 1m J.O,6,12,151.55,0.3,141.49,33.49
Joshua Thai,10-20-2012,11 & Under Boys 3m J.O,2,6,185.75,0.92,161.69,26.14
Joshua Thai,07-12-2012,11 & Under Boys 1m J.O,12,23,135.3,-0.08,138.01,31.94
Joshua Thai,07-12-2012,11 & Under Boys 3m J.O,8,20,160.25,0.17,154.74,33.04
Joshua Thai,07-12-2012,11 & Under Boys Platform J.O,9,14,112.7,-0.23,120.88,35.36
Joshua Thai,06-08-2012,11 & Under Boys 1m J.O,5,11,148.25,0.31,137.6,34.19
Joshua Thai,06-08-2012,11 & Under Boys 3m J.O,4,9,174.65,0.39,164.46,26.08
Joshua Thai,04-13-2012,11 & Under Boys 1m J.O,14,19,122.95,-0.66,144.09,31.88
Joshua Thai,04-13-2012,11 & Under Boys 3m J.O,14,17,130.9,-0.78,155.17,31.04
Joshua Thai,04-13-2012,11 & Under Boys Platform J.O,5,5,126.4,-0.77,143.09,21.54
Joshua Thai,03-17-2012,9 & Under Boys 1m J.O,1,2,121.8,0.71,108.55,18.74
Joshua Thai,03-02-2012,11 & Under Boys 1m J.O,4,10,161.4,0.64,142.0,30.17
Joshua Thai,03-02-2012,11 & Under Boys 3m J.O,4,8,152.45,-0.29,160.52,28.29
Joshua Thai,03-02-2012,11 & Under Boys Platform J.O,4,4,112.95,-1.1,138.11,22.81
Joshua Thai,01-21-2012,9 & Under Boys 3m J.O,2,2,110.85,-0.71,114.72,5.48
Joshua Thai,10-22-2011,FC Level 5 Boys 1m,2,2,110.85,-0.71,119.62,12.41
Max Valasek,07-30-2019,16-18 Boys 1m J.O,10,42,429.5,0.64,408.39,32.99
Max Valasek,07-30-2019,16-18 Boys 3m J.O,18,43,449.65,0.45,431.07,41.01
Max Valasek,07-30-2019,16-18 Boys Platform J.O,19,23,313.9,-1.31,372.21,44.47
Max Valasek,06-29-2019,Senior Men 3m,3,4,269.5,-0.22,278.07,38.98
Max Valasek,06-14-2019,16-18 Boys 1m J.O,11,24,433.4,0.42,410.04,56.25
Max Valasek,06-14-2019,16-18 Boys 3m J.O,12,23,440.7,-0.07,446.11,79.53
Max Valasek,06-14-2019,16-18 Boys Platform J.O,8,10,356.05,-0.03,360.44,125.81
Max Valasek,05-03-2019,CIF Boys  (11 dives),3,27,235.2,1.39,171.52,45.85
Max Valasek,05-03-2019,CIF Boys  (11 dives),4,20,356.65,1.17,294.54,53.09
Max Valasek,05-03-2019,CIF Boys  (11 dives),5,16,498.6,0.92,432.32,72.2
Max Valasek,04-26-2019,16-18 Boys 1m J.O,4,26,440.95,0.83,380.11,73.47
Max Valasek,04-26-2019,16-18 Boys 3m J.O,6,24,456.8,0.64,405.54,79.73
Max Valasek,11-10-2018,16-18 Boys 3m J.O,3,6,429.0,0.19,419.98,46.34
Max Valasek,07-29-2018,16-18 Boys 1m J.O,24,41,405.2,-0.0,405.24,58.47
Max Valasek,07-29-2018,16-18 Boys 3m J.O,25,41,413.05,-0.36,425.85,35.22
Max Valasek,07-29-2018,16-18 Boys Platform J.O,25,25,304.9,-1.7,364.09,34.76
Max Valasek,06-28-2018,16-18 Boys 1m J.O,4,20,461.2,1.01,416.0,44.7
Max Valasek,06-28-2018,16-18 Boys 3m J.O,4,22,491.1,1.03,436.01,53.42
Max Valasek,06-28-2018,16-18 Boys Platform J.O,11,17,352.7,-0.08,357.8,67.73
Max Valasek,06-16-2018,Senior Men 3m,1,2,253.2,0.71,238.52,20.75
Max Valasek,05-18-2018,High School Boys 1m (11 dives),22,27,178.65,-0.77,201.59,29.71
Max Valasek,05-11-2018,CIF Boys  (11 dives),5,33,237.3,1.43,170.87,46.49
Max Valasek,05-11-2018,CIF Boys  (11 dives),4,20,349.65,0.83,302.38,56.69
Max Valasek,05-11-2018,CIF Boys  (11 dives),4,16,504.9,0.74,448.26,76.1
Max Valasek,04-27-2018,16-18 Boys 1m J.O,15,32,382.15,0.27,359.61,84.07
Max Valasek,04-27-2018,16-18 Boys 3m J.O,8,31,457.45,0.71,388.81,96.04
Max Valasek,04-14-2018,16-18 Boys 1m J.O,2,15,458.8,0.78,373.45,109.15
Max Valasek,04-14-2018,16-18 Boys 3m J.O,3,12,471.2,0.76,391.5,104.41
Max Valasek,03-08-2018,16-18 Boys 1m J.O,10,18,401.7,-0.27,417.12,57.62
Max Valasek,03-08-2018,16-18 Boys Platform J.O,8,8,107.8,-2.25,409.28,134.19
Max Valasek,03-08-2018,Challenge All Ages Boys 3m,10,22,275.35,-0.13,282.13,52.62
Max Valasek,03-08-2018,Challenge All Ages Boys 3m,4,4,265.1,-1.18,328.02,53.36
Max Valasek,07-29-2017,16-18 Boys 1m J.O,32,44,384.6,-0.51,404.15,38.16
Max Valasek,07-29-2017,16-18 Boys 3m J.O,15,44,434.85,0.25,421.97,50.71
Max Valasek,07-05-2017,16-18 Boys 1m J.O,12,25,409.85,0.26,396.96,48.66
Max Valasek,07-05-2017,16-18 Boys 3m J.O,8,24,463.65,0.65,421.25,64.86
Max Valasek,04-21-2017,16-18 Boys 1m J.O,1,25,426.3,1.48,333.14,62.97
Max Valasek,04-21-2017,16-18 Boys 3m J.O,9,24,427.25,0.67,367.7,88.25
Max Valasek,04-21-2017,16-18 Boys Platform J.O,5,8,333.2,-0.06,339.47,102.36
Max Valasek,04-01-2017,16-18 Boys 1m J.O,7,16,378.6,0.37,348.98,79.97
Max Valasek,08-01-2016,14-15 Boys 1m  J.O,20,32,295.45,-0.27,306.15,39.87
Max Valasek,08-01-2016,14-15 Boys 3m J.O,15,30,316.1,0.11,312.18,35.13
Max Valasek,08-01-2016,14-15 Boys Platform J.O,16,22,259.95,-0.46,274.12,31.09
Max Valasek,07-07-2016,14-15 Boys 1m  J.O,3,16,338.65,0.88,285.74,59.97
Max Valasek,07-07-2016,14-15 Boys 3m J.O,4,14,358.75,0.75,313.99,59.32
Max Valasek,07-07-2016,14-15 Boys Platform J.O,7,7,262.3,-1.11,303.14,36.82
Max Valasek,04-29-2016,14-15 Boys 1m  J.O,6,13,304.65,0.35,288.11,46.73
Max Valasek,04-29-2016,14-15 Boys 3m J.O,7,10,302.5,-0.54,329.77,50.74
Max Valasek,08-01-2015,14-15 Boys 1m  J.O,35,42,255.15,-0.98,283.83,29.15
Max Valasek,08-01-2015,14-15 Boys 3m J.O,23,39,313.0,0.08,310.25,35.21
Max Valasek,08-01-2015,14-15 Boys Platform J.O,16,26,255.05,-0.08,258.39,40.2
Max Valasek,06-11-2015,14-15 Boys 1m  J.O,9,20,282.1,-0.04,284.19,49.74
Max Valasek,06-11-2015,14-15 Boys 3m J.O,8,17,317.05,0.2,305.77,56.22
Max Valasek,06-11-2015,14-15 Boys Platform J.O,5,16,293.9,0.73,253.32,55.58
Max Valasek,05-02-2015,14-15 Boys 1m  J.O,7,14,284.95,-0.19,294.49,49.88
Max Valasek,05-02-2015,14-15 Boys 3m J.O,10,13,307.7,-0.41,331.93,58.86
Max Valasek,03-27-2015,14-15 Boys 1m  J.O,4,11,290.6,0.12,284.08,54.84
Max Valasek,03-27-2015,14-15 Boys 3m J.O,5,8,310.15,-0.42,336.89,63.35
Max Valasek,03-27-2015,14-15 Boys Platform J.O,5,7,242.85,-0.43,262.59,45.83
Max Valasek,12-05-2014,12-13 Boys 1m J.O,1,11,270.0,1.38,220.29,35.92
Max Valasek,12-05-2014,12-13 Boys 3m J.O,1,9,276.1,1.18,242.18,28.79
Max Valasek,12-05-2014,12-13 Boys Platform J.O,3,5,251.0,-0.18,255.42,24.49
Max Valasek,08-04-2014,12-13 Boys 1m J.O,19,33,253.6,-0.11,257.16,32.65
Max Valasek,08-04-2014,12-13 Boys 3m J.O,11,34,274.4,0.09,270.74,41.57
Max Valasek,08-04-2014,12-13 Boys 3m J.O,12,12,278.6,-1.05,320.99,40.34
Max Valasek,08-04-2014,12-13 Boys Platform J.O,7,30,261.5,0.55,239.79,39.49
Max Valasek,08-04-2014,12-13 Boys Platform J.O,6,12,266.6,-0.32,279.21,39.08
Max Valasek,07-10-2014,12-13 Boys 1m J.O,4,24,246.0,1.09,207.29,35.62
Max Valasek,07-10-2014,12-13 Boys 3m J.O,3,22,276.7,1.15,230.21,40.51
Max Valasek,07-10-2014,12-13 Boys Platform J.O,5,13,239.0,0.69,213.16,37.54
Max Valasek,06-13-2014,12-13 Boys 1m J.O,4,18,249.05,1.09,213.17,32.9
Max Valasek,06-13-2014,12-13 Boys 3m J.O,1,15,306.85,1.94,223.45,42.96
Max Valasek,04-25-2014,12-13 Boys 1m J.O,7,25,247.5,0.81,226.24,26.18
Max Valasek,04-25-2014,12-13 Boys 3m J.O,5,23,274.4,1.09,244.21,27.58
Max Valasek,03-07-2014,12-13 Boys 1m J.O,2,9,239.3,0.81,223.89,19.0
Max Valasek,03-07-2014,12-13 Boys 3m J.O,3,10,275.75,0.82,234.49,50.46
Max Valasek,02-15-2014,12-13 Boys 1m J.O,5,10,241.6,0.6,220.41,35.57
Max Valasek,02-15-2014,12-13 Boys 3m J.O,3,11,247.9,0.96,217.02,32.21
Max Valasek,12-13-2013,12-13 Boys 1m J.O,2,9,239.4,0.46,218.22,46.01
Max Valasek,12-13-2013,12-13 Boys 3m J.O,3,9,261.15,0.35,241.48,56.82
Max Valasek,12-13-2013,12-13 Boys Platform J.O,4,7,202.95,-0.12,210.47,63.13
Max Valasek,07-31-2013,12-13 Boys 3m J.O,4,22,262.05,0.94,232.7,31.32
Max Valasek,07-31-2013,12-13 Boys 3m J.O,8,12,258.15,-0.23,264.1,26.31
Max Valasek,07-31-2013,12-13 Boys Platform J.O,2,14,250.55,1.53,206.38,28.92
Max Valasek,07-31-2013,12-13 Boys Platform J.O,3,12,257.35,1.29,216.89,31.31
Max Valasek,07-11-2013,12-13 Boys 1m J.O,16,28,217.5,-0.32,230.42,39.76
Max Valasek,07-11-2013,12-13 Boys 3m J.O,12,27,247.2,0.31,231.17,51.11
Max Valasek,07-11-2013,12-13 Boys Platform J.O,9,17,221.95,-0.13,227.4,43.32
Max Valasek,06-07-2013,12-13 Boys 1m J.O,7,19,231.3,0.69,199.16,46.79
Max Valasek,06-07-2013,12-13 Boys 3m J.O,7,16,236.75,0.21,226.96,46.76
Max Valasek,05-24-2013,12-13 Boys 1m J.O,5,13,196.2,0.37,183.37,34.81
Max Valasek,05-24-2013,12-13 Boys 3m J.O,6,11,202.2,-0.55,230.26,50.74
Max Valasek,05-24-2013,12-13 Boys Platform J.O,2,6,215.75,0.31,204.65,35.46
Max Valasek,03-16-2013,12-13 Boys 1m J.O,10,21,199.6,0.02,199.0,35.87
Max Valasek,03-16-2013,12-13 Boys 3m J.O,15,20,165.25,-0.83,207.11,50.18
Max Valasek,08-01-2012,11 & Under Boys 1m J.O,13,25,154.55,-0.13,157.63,23.79
Max Valasek,08-01-2012,11 & Under Boys 3m J.O,12,21,150.5,-0.17,153.74,18.91
Max Valasek,08-01-2012,11 & Under Boys 3m J.O,8,12,164.95,-0.54,175.03,18.53
Max Valasek,08-01-2012,11 & Under Boys Platform J.O,2,7,146.1,0.87,125.03,24.33
Max Valasek,08-01-2012,11 & Under Boys Platform J.O,2,7,157.1,0.83,133.03,29.05
Max Valasek,07-12-2012,11 & Under Boys 1m J.O,16,23,124.65,-0.42,138.01,31.94
Max Valasek,07-12-2012,11 & Under Boys 3m J.O,15,20,138.05,-0.51,154.74,33.04
Max Valasek,07-12-2012,11 & Under Boys Platform J.O,8,14,119.05,-0.05,120.88,35.36
Max Valasek,06-08-2012,11 & Under Boys 1m J.O,5,20,171.65,0.7,146.72,35.83
Max Valasek,06-08-2012,11 & Under Boys 3m J.O,3,14,183.15,0.88,148.21,39.61
Max Valasek,01-28-2012,11 & Under Boys 1m J.O,6,6,138.0,-1.08,156.3,16.98
Max Valasek,01-28-2012,11 & Under Boys 3m J.O,2,7,157.85,0.76,147.79,13.27
Max Valasek,07-07-2011,11 & Under Boys 1m J.O,15,16,126.5,-1.44,171.65,31.35
Max Valasek,06-17-2011,11 & Under Boys 1m J.O,13,23,129.25,-0.32,144.86,48.88
